variant,users,converted_users,conversion_rate,avg_match_center_views,arpu_usd,absolute_lift,relative_lift,ci_95_lower,ci_95_upper,significant_at_95pct
control,12589,1535,0.12193184526173644,11.272460084200493,1.241905631900866,0.03567028188353792,0.2925427873823185,0.027081575062934807,0.044258988704141036,True
treatment,12411,1956,0.15760212714527436,12.06308919506889,1.6573531544597535,0.03567028188353792,0.2925427873823185,0.027081575062934807,0.044258988704141036,True
