platform,experiment_variant,journeys,notification_users,match_center_users,highlight_users,subscription_users,notification_to_match,match_to_highlight,highlight_to_subscription,end_to_end_conversion
android,control,42426,37350,29730,26064,754,0.7959839357429719,0.8766902119071645,0.02892879066912216,0.017772120869278273
android,treatment,42579,38930,32686,29295,1041,0.8396095556126381,0.8962552774888332,0.03553507424475166,0.024448671880504473
ios,control,29009,25450,20332,17871,513,0.7988998035363458,0.8789592760180995,0.028705724357898272,0.017684166982660555
ios,treatment,29471,27062,22782,20479,706,0.8418446530189935,0.8989114212975156,0.034474339567361685,0.023955753113229956
web,control,8995,7923,6365,5638,157,0.8033573141486811,0.8857816182246662,0.027846754168144732,0.01745414118954975
web,treatment,8911,8114,6827,6130,176,0.8413852600443678,0.8979053757140765,0.02871125611745514,0.019750869711592414
