channel,impressions,clicks,installs,spend_usd,target_spend_usd,new_users,revenue_30d,cac_usd,ltv_30d_usd,roas_30d,ctr,install_rate
paid_search,5590574,107809,26457,77662.74,77040.0,4753,2517.48,16.339730696402274,0.5296612665684831,0.03241554444254735,0.019284066358839003,0.24540622768043485
partner,1759143,32150,7790,33812.2,33170.0,2000,919.08,16.9061,0.45954,0.02718190475627141,0.018275944593475344,0.24230171073094867
social,6506224,127630,31333,58734.63,57780.0,5838,3006.9900000000002,10.06074511819116,0.5150719424460432,0.05119620230858695,0.01961660096547552,0.24549870720050146
